Workbook

Sheet Instructions
A1: Grocery Budget Tracker 2026
A2: 2026 Meal Planner & Grocery List Bundle
A4: How to Use This Grocery Budget Tracker
A5: - Each month has its own tab for recording grocery purchases.
A6: - Log every trip: date, store, items, category, amount, payment method.
A7: - Monthly totals and category breakdowns auto-calculate.
A8: - The 'Annual Dashboard' tab shows yearly trends and comparisons.
A10: Spending Categories
A11: - Produce, Dairy, Meat/Protein, Bakery, Pantry/Dry Goods
A12: - Frozen, Beverages, Snacks, Household, Other
A14: Tips for Budget Tracking
A15: - Record purchases the same day you shop.
... A18: - Look for trends in the annual dashboard to find savings opportunities.

Sheet January
A1: January 2026 - Grocery Budget Tracker
A3: Date | B3: Store | C3: Items Description | D3: Category | E3: Amount | F3: Payment Method
A40: MONTHLY TOTAL: | E40: =SUM(E4:E38)
A41: AVERAGE PER TRIP: | E41: =IFERROR(E40/COUNTA(E4:E38),0)
A42: NUMBER OF TRIPS: | E42: =COUNTA(E4:E38)
A45: CATEGORY BREAKDOWN
A46: Category | B46: Total Spent | C46: % of Total
A47: Produce | B47: =SUMIF(D4:D38,"Produce",E4:E38) | C47: =IFERROR(B47/E40,0)
A48: Dairy | B48: =SUMIF(D4:D38,"Dairy",E4:E38) | C48: =IFERROR(B48/E40,0)
A49: Meat/Protein | B49: =SUMIF(D4:D38,"Meat/Protein",E4:E38) | C49: =IFERROR(B49/E40,0)
A50: Bakery | B50: =SUMIF(D4:D38,"Bakery",E4:E38) | C50: =IFERROR(B50/E40,0)
A51: Pantry/Dry Goods | B51: =SUMIF(D4:D38,"Pantry/Dry Goods",E4:E38) | C51: =IFERROR(B51/E40,0)
A52: Frozen | B52: =SUMIF(D4:D38,"Frozen",E4:E38) | C52: =IFERROR(B52/E40,0)
A53: Beverages | B53: =SUMIF(D4:D38,"Beverages",E4:E38) | C53: =IFERROR(B53/E40,0)
A54: Snacks | B54: =SUMIF(D4:D38,"Snacks",E4:E38) | C54: =IFERROR(B54/E40,0)
A55: Household | B55: =SUMIF(D4:D38,"Household",E4:E38) | C55: =IFERROR(B55/E40,0)
A56: Other | B56: =SUMIF(D4:D38,"Other",E4:E38) | C56: =IFERROR(B56/E40,0)

Sheet February
A1: February 2026 - Grocery Budget Tracker
A3: Date | B3: Store | C3: Items Description | D3: Category | E3: Amount | F3: Payment Method
A40: MONTHLY TOTAL: | E40: =SUM(E4:E38)
A41: AVERAGE PER TRIP: | E41: =IFERROR(E40/COUNTA(E4:E38),0)
A42: NUMBER OF TRIPS: | E42: =COUNTA(E4:E38)
A45: CATEGORY BREAKDOWN
A46: Category | B46: Total Spent | C46: % of Total
A47: Produce | B47: =SUMIF(D4:D38,"Produce",E4:E38) | C47: =IFERROR(B47/E40,0)
A48: Dairy | B48: =SUMIF(D4:D38,"Dairy",E4:E38) | C48: =IFERROR(B48/E40,0)
A49: Meat/Protein | B49: =SUMIF(D4:D38,"Meat/Protein",E4:E38) | C49: =IFERROR(B49/E40,0)
A50: Bakery | B50: =SUMIF(D4:D38,"Bakery",E4:E38) | C50: =IFERROR(B50/E40,0)
A51: Pantry/Dry Goods | B51: =SUMIF(D4:D38,"Pantry/Dry Goods",E4:E38) | C51: =IFERROR(B51/E40,0)
A52: Frozen | B52: =SUMIF(D4:D38,"Frozen",E4:E38) | C52: =IFERROR(B52/E40,0)
A53: Beverages | B53: =SUMIF(D4:D38,"Beverages",E4:E38) | C53: =IFERROR(B53/E40,0)
A54: Snacks | B54: =SUMIF(D4:D38,"Snacks",E4:E38) | C54: =IFERROR(B54/E40,0)
A55: Household | B55: =SUMIF(D4:D38,"Household",E4:E38) | C55: =IFERROR(B55/E40,0)
A56: Other | B56: =SUMIF(D4:D38,"Other",E4:E38) | C56: =IFERROR(B56/E40,0)

Sheet March
A1: March 2026 - Grocery Budget Tracker
A3: Date | B3: Store | C3: Items Description | D3: Category | E3: Amount | F3: Payment Method
A40: MONTHLY TOTAL: | E40: =SUM(E4:E38)
A41: AVERAGE PER TRIP: | E41: =IFERROR(E40/COUNTA(E4:E38),0)
A42: NUMBER OF TRIPS: | E42: =COUNTA(E4:E38)
A45: CATEGORY BREAKDOWN
A46: Category | B46: Total Spent | C46: % of Total
A47: Produce | B47: =SUMIF(D4:D38,"Produce",E4:E38) | C47: =IFERROR(B47/E40,0)
A48: Dairy | B48: =SUMIF(D4:D38,"Dairy",E4:E38) | C48: =IFERROR(B48/E40,0)
A49: Meat/Protein | B49: =SUMIF(D4:D38,"Meat/Protein",E4:E38) | C49: =IFERROR(B49/E40,0)
A50: Bakery | B50: =SUMIF(D4:D38,"Bakery",E4:E38) | C50: =IFERROR(B50/E40,0)
A51: Pantry/Dry Goods | B51: =SUMIF(D4:D38,"Pantry/Dry Goods",E4:E38) | C51: =IFERROR(B51/E40,0)
A52: Frozen | B52: =SUMIF(D4:D38,"Frozen",E4:E38) | C52: =IFERROR(B52/E40,0)
A53: Beverages | B53: =SUMIF(D4:D38,"Beverages",E4:E38) | C53: =IFERROR(B53/E40,0)
A54: Snacks | B54: =SUMIF(D4:D38,"Snacks",E4:E38) | C54: =IFERROR(B54/E40,0)
A55: Household | B55: =SUMIF(D4:D38,"Household",E4:E38) | C55: =IFERROR(B55/E40,0)
A56: Other | B56: =SUMIF(D4:D38,"Other",E4:E38) | C56: =IFERROR(B56/E40,0)

Sheet April
A1: April 2026 - Grocery Budget Tracker
A3: Date | B3: Store | C3: Items Description | D3: Category | E3: Amount | F3: Payment Method
A40: MONTHLY TOTAL: | E40: =SUM(E4:E38)
A41: AVERAGE PER TRIP: | E41: =IFERROR(E40/COUNTA(E4:E38),0)
A42: NUMBER OF TRIPS: | E42: =COUNTA(E4:E38)
A45: CATEGORY BREAKDOWN
A46: Category | B46: Total Spent | C46: % of Total
A47: Produce | B47: =SUMIF(D4:D38,"Produce",E4:E38) | C47: =IFERROR(B47/E40,0)
A48: Dairy | B48: =SUMIF(D4:D38,"Dairy",E4:E38) | C48: =IFERROR(B48/E40,0)
A49: Meat/Protein | B49: =SUMIF(D4:D38,"Meat/Protein",E4:E38) | C49: =IFERROR(B49/E40,0)
A50: Bakery | B50: =SUMIF(D4:D38,"Bakery",E4:E38) | C50: =IFERROR(B50/E40,0)
A51: Pantry/Dry Goods | B51: =SUMIF(D4:D38,"Pantry/Dry Goods",E4:E38) | C51: =IFERROR(B51/E40,0)
A52: Frozen | B52: =SUMIF(D4:D38,"Frozen",E4:E38) | C52: =IFERROR(B52/E40,0)
A53: Beverages | B53: =SUMIF(D4:D38,"Beverages",E4:E38) | C53: =IFERROR(B53/E40,0)
A54: Snacks | B54: =SUMIF(D4:D38,"Snacks",E4:E38) | C54: =IFERROR(B54/E40,0)
A55: Household | B55: =SUMIF(D4:D38,"Household",E4:E38) | C55: =IFERROR(B55/E40,0)
A56: Other | B56: =SUMIF(D4:D38,"Other",E4:E38) | C56: =IFERROR(B56/E40,0)

Sheet May
A1: May 2026 - Grocery Budget Tracker
A3: Date | B3: Store | C3: Items Description | D3: Category | E3: Amount | F3: Payment Method
A40: MONTHLY TOTAL: | E40: =SUM(E4:E38)
A41: AVERAGE PER TRIP: | E41: =IFERROR(E40/COUNTA(E4:E38),0)
A42: NUMBER OF TRIPS: | E42: =COUNTA(E4:E38)
A45: CATEGORY BREAKDOWN
A46: Category | B46: Total Spent | C46: % of Total
A47: Produce | B47: =SUMIF(D4:D38,"Produce",E4:E38) | C47: =IFERROR(B47/E40,0)
A48: Dairy | B48: =SUMIF(D4:D38,"Dairy",E4:E38) | C48: =IFERROR(B48/E40,0)
A49: Meat/Protein | B49: =SUMIF(D4:D38,"Meat/Protein",E4:E38) | C49: =IFERROR(B49/E40,0)
A50: Bakery | B50: =SUMIF(D4:D38,"Bakery",E4:E38) | C50: =IFERROR(B50/E40,0)
A51: Pantry/Dry Goods | B51: =SUMIF(D4:D38,"Pantry/Dry Goods",E4:E38) | C51: =IFERROR(B51/E40,0)
A52: Frozen | B52: =SUMIF(D4:D38,"Frozen",E4:E38) | C52: =IFERROR(B52/E40,0)
A53: Beverages | B53: =SUMIF(D4:D38,"Beverages",E4:E38) | C53: =IFERROR(B53/E40,0)
A54: Snacks | B54: =SUMIF(D4:D38,"Snacks",E4:E38) | C54: =IFERROR(B54/E40,0)
A55: Household | B55: =SUMIF(D4:D38,"Household",E4:E38) | C55: =IFERROR(B55/E40,0)
A56: Other | B56: =SUMIF(D4:D38,"Other",E4:E38) | C56: =IFERROR(B56/E40,0)

Sheet June
A1: June 2026 - Grocery Budget Tracker
A3: Date | B3: Store | C3: Items Description | D3: Category | E3: Amount | F3: Payment Method
A40: MONTHLY TOTAL: | E40: =SUM(E4:E38)
A41: AVERAGE PER TRIP: | E41: =IFERROR(E40/COUNTA(E4:E38),0)
A42: NUMBER OF TRIPS: | E42: =COUNTA(E4:E38)
A45: CATEGORY BREAKDOWN
A46: Category | B46: Total Spent | C46: % of Total
A47: Produce | B47: =SUMIF(D4:D38,"Produce",E4:E38) | C47: =IFERROR(B47/E40,0)
A48: Dairy | B48: =SUMIF(D4:D38,"Dairy",E4:E38) | C48: =IFERROR(B48/E40,0)
A49: Meat/Protein | B49: =SUMIF(D4:D38,"Meat/Protein",E4:E38) | C49: =IFERROR(B49/E40,0)
A50: Bakery | B50: =SUMIF(D4:D38,"Bakery",E4:E38) | C50: =IFERROR(B50/E40,0)
A51: Pantry/Dry Goods | B51: =SUMIF(D4:D38,"Pantry/Dry Goods",E4:E38) | C51: =IFERROR(B51/E40,0)
A52: Frozen | B52: =SUMIF(D4:D38,"Frozen",E4:E38) | C52: =IFERROR(B52/E40,0)
A53: Beverages | B53: =SUMIF(D4:D38,"Beverages",E4:E38) | C53: =IFERROR(B53/E40,0)
A54: Snacks | B54: =SUMIF(D4:D38,"Snacks",E4:E38) | C54: =IFERROR(B54/E40,0)
A55: Household | B55: =SUMIF(D4:D38,"Household",E4:E38) | C55: =IFERROR(B55/E40,0)
A56: Other | B56: =SUMIF(D4:D38,"Other",E4:E38) | C56: =IFERROR(B56/E40,0)

Sheet July
A1: July 2026 - Grocery Budget Tracker
A3: Date | B3: Store | C3: Items Description | D3: Category | E3: Amount | F3: Payment Method
A40: MONTHLY TOTAL: | E40: =SUM(E4:E38)
A41: AVERAGE PER TRIP: | E41: =IFERROR(E40/COUNTA(E4:E38),0)
A42: NUMBER OF TRIPS: | E42: =COUNTA(E4:E38)
A45: CATEGORY BREAKDOWN
A46: Category | B46: Total Spent | C46: % of Total
A47: Produce | B47: =SUMIF(D4:D38,"Produce",E4:E38) | C47: =IFERROR(B47/E40,0)
A48: Dairy | B48: =SUMIF(D4:D38,"Dairy",E4:E38) | C48: =IFERROR(B48/E40,0)
A49: Meat/Protein | B49: =SUMIF(D4:D38,"Meat/Protein",E4:E38) | C49: =IFERROR(B49/E40,0)
A50: Bakery | B50: =SUMIF(D4:D38,"Bakery",E4:E38) | C50: =IFERROR(B50/E40,0)
A51: Pantry/Dry Goods | B51: =SUMIF(D4:D38,"Pantry/Dry Goods",E4:E38) | C51: =IFERROR(B51/E40,0)
A52: Frozen | B52: =SUMIF(D4:D38,"Frozen",E4:E38) | C52: =IFERROR(B52/E40,0)
A53: Beverages | B53: =SUMIF(D4:D38,"Beverages",E4:E38) | C53: =IFERROR(B53/E40,0)
A54: Snacks | B54: =SUMIF(D4:D38,"Snacks",E4:E38) | C54: =IFERROR(B54/E40,0)
A55: Household | B55: =SUMIF(D4:D38,"Household",E4:E38) | C55: =IFERROR(B55/E40,0)
A56: Other | B56: =SUMIF(D4:D38,"Other",E4:E38) | C56: =IFERROR(B56/E40,0)

Sheet August
A1: August 2026 - Grocery Budget Tracker
A3: Date | B3: Store | C3: Items Description | D3: Category | E3: Amount | F3: Payment Method
A40: MONTHLY TOTAL: | E40: =SUM(E4:E38)
A41: AVERAGE PER TRIP: | E41: =IFERROR(E40/COUNTA(E4:E38),0)
A42: NUMBER OF TRIPS: | E42: =COUNTA(E4:E38)
A45: CATEGORY BREAKDOWN
A46: Category | B46: Total Spent | C46: % of Total
A47: Produce | B47: =SUMIF(D4:D38,"Produce",E4:E38) | C47: =IFERROR(B47/E40,0)
A48: Dairy | B48: =SUMIF(D4:D38,"Dairy",E4:E38) | C48: =IFERROR(B48/E40,0)
A49: Meat/Protein | B49: =SUMIF(D4:D38,"Meat/Protein",E4:E38) | C49: =IFERROR(B49/E40,0)
A50: Bakery | B50: =SUMIF(D4:D38,"Bakery",E4:E38) | C50: =IFERROR(B50/E40,0)
A51: Pantry/Dry Goods | B51: =SUMIF(D4:D38,"Pantry/Dry Goods",E4:E38) | C51: =IFERROR(B51/E40,0)
A52: Frozen | B52: =SUMIF(D4:D38,"Frozen",E4:E38) | C52: =IFERROR(B52/E40,0)
A53: Beverages | B53: =SUMIF(D4:D38,"Beverages",E4:E38) | C53: =IFERROR(B53/E40,0)
A54: Snacks | B54: =SUMIF(D4:D38,"Snacks",E4:E38) | C54: =IFERROR(B54/E40,0)
A55: Household | B55: =SUMIF(D4:D38,"Household",E4:E38) | C55: =IFERROR(B55/E40,0)
A56: Other | B56: =SUMIF(D4:D38,"Other",E4:E38) | C56: =IFERROR(B56/E40,0)

Sheet September
A1: September 2026 - Grocery Budget Tracker
A3: Date | B3: Store | C3: Items Description | D3: Category | E3: Amount | F3: Payment Method
A40: MONTHLY TOTAL: | E40: =SUM(E4:E38)
A41: AVERAGE PER TRIP: | E41: =IFERROR(E40/COUNTA(E4:E38),0)
A42: NUMBER OF TRIPS: | E42: =COUNTA(E4:E38)
A45: CATEGORY BREAKDOWN
A46: Category | B46: Total Spent | C46: % of Total
A47: Produce | B47: =SUMIF(D4:D38,"Produce",E4:E38) | C47: =IFERROR(B47/E40,0)
A48: Dairy | B48: =SUMIF(D4:D38,"Dairy",E4:E38) | C48: =IFERROR(B48/E40,0)
A49: Meat/Protein | B49: =SUMIF(D4:D38,"Meat/Protein",E4:E38) | C49: =IFERROR(B49/E40,0)
A50: Bakery | B50: =SUMIF(D4:D38,"Bakery",E4:E38) | C50: =IFERROR(B50/E40,0)
A51: Pantry/Dry Goods | B51: =SUMIF(D4:D38,"Pantry/Dry Goods",E4:E38) | C51: =IFERROR(B51/E40,0)
A52: Frozen | B52: =SUMIF(D4:D38,"Frozen",E4:E38) | C52: =IFERROR(B52/E40,0)
A53: Beverages | B53: =SUMIF(D4:D38,"Beverages",E4:E38) | C53: =IFERROR(B53/E40,0)
A54: Snacks | B54: =SUMIF(D4:D38,"Snacks",E4:E38) | C54: =IFERROR(B54/E40,0)
A55: Household | B55: =SUMIF(D4:D38,"Household",E4:E38) | C55: =IFERROR(B55/E40,0)
A56: Other | B56: =SUMIF(D4:D38,"Other",E4:E38) | C56: =IFERROR(B56/E40,0)

Sheet October
A1: October 2026 - Grocery Budget Tracker
A3: Date | B3: Store | C3: Items Description | D3: Category | E3: Amount | F3: Payment Method
A40: MONTHLY TOTAL: | E40: =SUM(E4:E38)
A41: AVERAGE PER TRIP: | E41: =IFERROR(E40/COUNTA(E4:E38),0)
A42: NUMBER OF TRIPS: | E42: =COUNTA(E4:E38)
A45: CATEGORY BREAKDOWN
A46: Category | B46: Total Spent | C46: % of Total
A47: Produce | B47: =SUMIF(D4:D38,"Produce",E4:E38) | C47: =IFERROR(B47/E40,0)
A48: Dairy | B48: =SUMIF(D4:D38,"Dairy",E4:E38) | C48: =IFERROR(B48/E40,0)
A49: Meat/Protein | B49: =SUMIF(D4:D38,"Meat/Protein",E4:E38) | C49: =IFERROR(B49/E40,0)
A50: Bakery | B50: =SUMIF(D4:D38,"Bakery",E4:E38) | C50: =IFERROR(B50/E40,0)
A51: Pantry/Dry Goods | B51: =SUMIF(D4:D38,"Pantry/Dry Goods",E4:E38) | C51: =IFERROR(B51/E40,0)
A52: Frozen | B52: =SUMIF(D4:D38,"Frozen",E4:E38) | C52: =IFERROR(B52/E40,0)
A53: Beverages | B53: =SUMIF(D4:D38,"Beverages",E4:E38) | C53: =IFERROR(B53/E40,0)
A54: Snacks | B54: =SUMIF(D4:D38,"Snacks",E4:E38) | C54: =IFERROR(B54/E40,0)
A55: Household | B55: =SUMIF(D4:D38,"Household",E4:E38) | C55: =IFERROR(B55/E40,0)
A56: Other | B56: =SUMIF(D4:D38,"Other",E4:E38) | C56: =IFERROR(B56/E40,0)

Sheet November
A1: November 2026 - Grocery Budget Tracker
A3: Date | B3: Store | C3: Items Description | D3: Category | E3: Amount | F3: Payment Method
A40: MONTHLY TOTAL: | E40: =SUM(E4:E38)
A41: AVERAGE PER TRIP: | E41: =IFERROR(E40/COUNTA(E4:E38),0)
A42: NUMBER OF TRIPS: | E42: =COUNTA(E4:E38)
A45: CATEGORY BREAKDOWN
A46: Category | B46: Total Spent | C46: % of Total
A47: Produce | B47: =SUMIF(D4:D38,"Produce",E4:E38) | C47: =IFERROR(B47/E40,0)
A48: Dairy | B48: =SUMIF(D4:D38,"Dairy",E4:E38) | C48: =IFERROR(B48/E40,0)
A49: Meat/Protein | B49: =SUMIF(D4:D38,"Meat/Protein",E4:E38) | C49: =IFERROR(B49/E40,0)
A50: Bakery | B50: =SUMIF(D4:D38,"Bakery",E4:E38) | C50: =IFERROR(B50/E40,0)
A51: Pantry/Dry Goods | B51: =SUMIF(D4:D38,"Pantry/Dry Goods",E4:E38) | C51: =IFERROR(B51/E40,0)
A52: Frozen | B52: =SUMIF(D4:D38,"Frozen",E4:E38) | C52: =IFERROR(B52/E40,0)
A53: Beverages | B53: =SUMIF(D4:D38,"Beverages",E4:E38) | C53: =IFERROR(B53/E40,0)
A54: Snacks | B54: =SUMIF(D4:D38,"Snacks",E4:E38) | C54: =IFERROR(B54/E40,0)
A55: Household | B55: =SUMIF(D4:D38,"Household",E4:E38) | C55: =IFERROR(B55/E40,0)
A56: Other | B56: =SUMIF(D4:D38,"Other",E4:E38) | C56: =IFERROR(B56/E40,0)

Sheet December
A1: December 2026 - Grocery Budget Tracker
A3: Date | B3: Store | C3: Items Description | D3: Category | E3: Amount | F3: Payment Method
A40: MONTHLY TOTAL: | E40: =SUM(E4:E38)
A41: AVERAGE PER TRIP: | E41: =IFERROR(E40/COUNTA(E4:E38),0)
A42: NUMBER OF TRIPS: | E42: =COUNTA(E4:E38)
A45: CATEGORY BREAKDOWN
A46: Category | B46: Total Spent | C46: % of Total
A47: Produce | B47: =SUMIF(D4:D38,"Produce",E4:E38) | C47: =IFERROR(B47/E40,0)
A48: Dairy | B48: =SUMIF(D4:D38,"Dairy",E4:E38) | C48: =IFERROR(B48/E40,0)
A49: Meat/Protein | B49: =SUMIF(D4:D38,"Meat/Protein",E4:E38) | C49: =IFERROR(B49/E40,0)
A50: Bakery | B50: =SUMIF(D4:D38,"Bakery",E4:E38) | C50: =IFERROR(B50/E40,0)
A51: Pantry/Dry Goods | B51: =SUMIF(D4:D38,"Pantry/Dry Goods",E4:E38) | C51: =IFERROR(B51/E40,0)
A52: Frozen | B52: =SUMIF(D4:D38,"Frozen",E4:E38) | C52: =IFERROR(B52/E40,0)
A53: Beverages | B53: =SUMIF(D4:D38,"Beverages",E4:E38) | C53: =IFERROR(B53/E40,0)
A54: Snacks | B54: =SUMIF(D4:D38,"Snacks",E4:E38) | C54: =IFERROR(B54/E40,0)
A55: Household | B55: =SUMIF(D4:D38,"Household",E4:E38) | C55: =IFERROR(B55/E40,0)
A56: Other | B56: =SUMIF(D4:D38,"Other",E4:E38) | C56: =IFERROR(B56/E40,0)

Sheet Annual Dashboard
A1: 2026 Annual Grocery Budget Dashboard
A3: MONTHLY SPENDING COMPARISON
A4: Month | B4: Total Spent | C4: # Trips
A5: January | B5: ='January'!E40 | C5: ='January'!E42
A6: February | B6: ='February'!E40 | C6: ='February'!E42
A7: March | B7: ='March'!E40 | C7: ='March'!E42
A8: April | B8: ='April'!E40 | C8: ='April'!E42
A9: May | B9: ='May'!E40 | C9: ='May'!E42
A10: June | B10: ='June'!E40 | C10: ='June'!E42
A11: July | B11: ='July'!E40 | C11: ='July'!E42
A12: August | B12: ='August'!E40 | C12: ='August'!E42
A13: September | B13: ='September'!E40 | C13: ='September'!E42
A14: October | B14: ='October'!E40 | C14: ='October'!E42
A15: November | B15: ='November'!E40 | C15: ='November'!E42
A16: December | B16: ='December'!E40 | C16: ='December'!E42
A17: ANNUAL TOTAL | B17: =SUM(B5:B16)
A18: MONTHLY AVERAGE | B18: =B17/12
A19: HIGHEST MONTH | B19: =MAX(B5:B16)
A20: LOWEST MONTH | B20: =MIN(B5:B16)
A22: ANNUAL CATEGORY BREAKDOWN
A23: Category | B23: Annual Total | C23: % of Total
A24: Produce | B24: ='January'!B47+'February'!B47+'March'!B47+'April'!B47+'May'!B47+'June'!B47+'July'!B47+'August'!B47+'September'!B47+'October'!B47+'November'!B47+'December'!B47 | C24: =IFERROR(B24/B17,0)
A25: Dairy | B25: ='January'!B48+'February'!B48+'March'!B48+'April'!B48+'May'!B48+'June'!B48+'July'!B48+'August'!B48+'September'!B48+'October'!B48+'November'!B48+'December'!B48 | C25: =IFERROR(B25/B17,0)
A26: Meat/Protein | B26: ='January'!B49+'February'!B49+'March'!B49+'April'!B49+'May'!B49+'June'!B49+'July'!B49+'August'!B49+'September'!B49+'October'!B49+'November'!B49+'December'!B49 | C26: =IFERROR(B26/B17,0)
A27: Bakery | B27: ='January'!B50+'February'!B50+'March'!B50+'April'!B50+'May'!B50+'June'!B50+'July'!B50+'August'!B50+'September'!B50+'October'!B50+'November'!B50+'December'!B50 | C27: =IFERROR(B27/B17,0)
A28: Pantry/Dry Goods | B28: ='January'!B51+'February'!B51+'March'!B51+'April'!B51+'May'!B51+'June'!B51+'July'!B51+'August'!B51+'September'!B51+'October'!B51+'November'!B51+'December'!B51 | C28: =IFERROR(B28/B17,0)
A29: Frozen | B29: ='January'!B52+'February'!B52+'March'!B52+'April'!B52+'May'!B52+'June'!B52+'July'!B52+'August'!B52+'September'!B52+'October'!B52+'November'!B52+'December'!B52 | C29: =IFERROR(B29/B17,0)
A30: Beverages | B30: ='January'!B53+'February'!B53+'March'!B53+'April'!B53+'May'!B53+'June'!B53+'July'!B53+'August'!B53+'September'!B53+'October'!B53+'November'!B53+'December'!B53 | C30: =IFERROR(B30/B17,0)
A31: Snacks | B31: ='January'!B54+'February'!B54+'March'!B54+'April'!B54+'May'!B54+'June'!B54+'July'!B54+'August'!B54+'September'!B54+'October'!B54+'November'!B54+'December'!B54 | C31: =IFERROR(B31/B17,0)
A32: Household | B32: ='January'!B55+'February'!B55+'March'!B55+'April'!B55+'May'!B55+'June'!B55+'July'!B55+'August'!B55+'September'!B55+'October'!B55+'November'!B55+'December'!B55 | C32: =IFERROR(B32/B17,0)
A33: Other | B33: ='January'!B56+'February'!B56+'March'!B56+'April'!B56+'May'!B56+'June'!B56+'July'!B56+'August'!B56+'September'!B56+'October'!B56+'November'!B56+'December'!B56 | C33: =IFERROR(B33/B17,0)
