Workbook

Sheet Instructions
A1: How to Use: Business Expense Tracker 2026
A3: Getting Started
A5: 1. Each monthly tab tracks all business expenses.
A6: 2. Enter date, vendor, category (use dropdown), description, amount, payment method, tax deductible status, and receipt number.
A7: 3. Categories are pre-set: Supplies, Marketing, Software, Travel, Meals, Office, Professional Services, Insurance, Utilities, Other.
A8: 4. Mark tax-deductible expenses with 'Y' for easy tax preparation.
A9: 5. Monthly totals and category breakdowns auto-calculate.
A10: 6. The Annual Summary tab aggregates data across all months.
A11: 7. Keep receipt numbers consistent for easy cross-referencing.
A13: Tips & Notes
A14: - Use the dropdown menus for consistent data entry.
A15: - Do not delete or move formula cells - they auto-calculate totals.
... A18: - Customize categories and columns to fit your specific business needs.

Sheet Annual Summary
A1: Annual Expense Summary - 2026
A3: Month | B3: Total Expenses | C3: Tax Deductible | D3: Supplies | E3: Marketing | F3: Software | G3: Travel | H3: Meals | I3: Office | J3: Professional Services | K3: Insurance | L3: Utilities | M3: Other
A4: January | B4: ='January'!E45 | C4: ='January'!E46 | D4: ='January'!E49 | E4: ='January'!E50 | F4: ='January'!E51 | G4: ='January'!E52 | H4: ='January'!E53 | I4: ='January'!E54 | J4: ='January'!E55 | K4: ='January'!E56 | L4: ='January'!E57 | M4: ='January'!E58
A5: February | B5: ='February'!E45 | C5: ='February'!E46 | D5: ='February'!E49 | E5: ='February'!E50 | F5: ='February'!E51 | G5: ='February'!E52 | H5: ='February'!E53 | I5: ='February'!E54 | J5: ='February'!E55 | K5: ='February'!E56 | L5: ='February'!E57 | M5: ='February'!E58
A6: March | B6: ='March'!E45 | C6: ='March'!E46 | D6: ='March'!E49 | E6: ='March'!E50 | F6: ='March'!E51 | G6: ='March'!E52 | H6: ='March'!E53 | I6: ='March'!E54 | J6: ='March'!E55 | K6: ='March'!E56 | L6: ='March'!E57 | M6: ='March'!E58
A7: April | B7: ='April'!E45 | C7: ='April'!E46 | D7: ='April'!E49 | E7: ='April'!E50 | F7: ='April'!E51 | G7: ='April'!E52 | H7: ='April'!E53 | I7: ='April'!E54 | J7: ='April'!E55 | K7: ='April'!E56 | L7: ='April'!E57 | M7: ='April'!E58
A8: May | B8: ='May'!E45 | C8: ='May'!E46 | D8: ='May'!E49 | E8: ='May'!E50 | F8: ='May'!E51 | G8: ='May'!E52 | H8: ='May'!E53 | I8: ='May'!E54 | J8: ='May'!E55 | K8: ='May'!E56 | L8: ='May'!E57 | M8: ='May'!E58
A9: June | B9: ='June'!E45 | C9: ='June'!E46 | D9: ='June'!E49 | E9: ='June'!E50 | F9: ='June'!E51 | G9: ='June'!E52 | H9: ='June'!E53 | I9: ='June'!E54 | J9: ='June'!E55 | K9: ='June'!E56 | L9: ='June'!E57 | M9: ='June'!E58
A10: July | B10: ='July'!E45 | C10: ='July'!E46 | D10: ='July'!E49 | E10: ='July'!E50 | F10: ='July'!E51 | G10: ='July'!E52 | H10: ='July'!E53 | I10: ='July'!E54 | J10: ='July'!E55 | K10: ='July'!E56 | L10: ='July'!E57 | M10: ='July'!E58
A11: August | B11: ='August'!E45 | C11: ='August'!E46 | D11: ='August'!E49 | E11: ='August'!E50 | F11: ='August'!E51 | G11: ='August'!E52 | H11: ='August'!E53 | I11: ='August'!E54 | J11: ='August'!E55 | K11: ='August'!E56 | L11: ='August'!E57 | M11: ='August'!E58
A12: September | B12: ='September'!E45 | C12: ='September'!E46 | D12: ='September'!E49 | E12: ='September'!E50 | F12: ='September'!E51 | G12: ='September'!E52 | H12: ='September'!E53 | I12: ='September'!E54 | J12: ='September'!E55 | K12: ='September'!E56 | L12: ='September'!E57 | M12: ='September'!E58
A13: October | B13: ='October'!E45 | C13: ='October'!E46 | D13: ='October'!E49 | E13: ='October'!E50 | F13: ='October'!E51 | G13: ='October'!E52 | H13: ='October'!E53 | I13: ='October'!E54 | J13: ='October'!E55 | K13: ='October'!E56 | L13: ='October'!E57 | M13: ='October'!E58
A14: November | B14: ='November'!E45 | C14: ='November'!E46 | D14: ='November'!E49 | E14: ='November'!E50 | F14: ='November'!E51 | G14: ='November'!E52 | H14: ='November'!E53 | I14: ='November'!E54 | J14: ='November'!E55 | K14: ='November'!E56 | L14: ='November'!E57 | M14: ='November'!E58
A15: December | B15: ='December'!E45 | C15: ='December'!E46 | D15: ='December'!E49 | E15: ='December'!E50 | F15: ='December'!E51 | G15: ='December'!E52 | H15: ='December'!E53 | I15: ='December'!E54 | J15: ='December'!E55 | K15: ='December'!E56 | L15: ='December'!E57 | M15: ='December'!E58
A17: ANNUAL TOTAL | B17: =SUM(B4:B15) | C17: =SUM(C4:C15) | D17: =SUM(D4:D15) | E17: =SUM(E4:E15) | F17: =SUM(F4:F15) | G17: =SUM(G4:G15) | H17: =SUM(H4:H15) | I17: =SUM(I4:I15) | ... M17: =SUM(M4:M15)

Sheet January
A1: Expense Tracker - January 2026
A3: Date | B3: Vendor | C3: Category | D3: Description | E3: Amount | F3: Payment Method | G3: Tax Deductible | H3: Receipt #
D45: Monthly Total: | E45: =SUM(E4:E43)
D46: Tax Deductible Total: | E46: =SUMIF(G4:G43,"Y",E4:E43)
D48: Category Breakdown:
D49: Supplies | E49: =SUMIF(C4:C43,"Supplies",E4:E43)
D50: Marketing | E50: =SUMIF(C4:C43,"Marketing",E4:E43)
D51: Software | E51: =SUMIF(C4:C43,"Software",E4:E43)
D52: Travel | E52: =SUMIF(C4:C43,"Travel",E4:E43)
D53: Meals | E53: =SUMIF(C4:C43,"Meals",E4:E43)
D54: Office | E54: =SUMIF(C4:C43,"Office",E4:E43)
D55: Professional Services | E55: =SUMIF(C4:C43,"Professional Services",E4:E43)
D56: Insurance | E56: =SUMIF(C4:C43,"Insurance",E4:E43)
D57: Utilities | E57: =SUMIF(C4:C43,"Utilities",E4:E43)
D58: Other | E58: =SUMIF(C4:C43,"Other",E4:E43)

Sheet February
A1: Expense Tracker - February 2026
A3: Date | B3: Vendor | C3: Category | D3: Description | E3: Amount | F3: Payment Method | G3: Tax Deductible | H3: Receipt #
D45: Monthly Total: | E45: =SUM(E4:E43)
D46: Tax Deductible Total: | E46: =SUMIF(G4:G43,"Y",E4:E43)
D48: Category Breakdown:
D49: Supplies | E49: =SUMIF(C4:C43,"Supplies",E4:E43)
D50: Marketing | E50: =SUMIF(C4:C43,"Marketing",E4:E43)
D51: Software | E51: =SUMIF(C4:C43,"Software",E4:E43)
D52: Travel | E52: =SUMIF(C4:C43,"Travel",E4:E43)
D53: Meals | E53: =SUMIF(C4:C43,"Meals",E4:E43)
D54: Office | E54: =SUMIF(C4:C43,"Office",E4:E43)
D55: Professional Services | E55: =SUMIF(C4:C43,"Professional Services",E4:E43)
D56: Insurance | E56: =SUMIF(C4:C43,"Insurance",E4:E43)
D57: Utilities | E57: =SUMIF(C4:C43,"Utilities",E4:E43)
D58: Other | E58: =SUMIF(C4:C43,"Other",E4:E43)

Sheet March
A1: Expense Tracker - March 2026
A3: Date | B3: Vendor | C3: Category | D3: Description | E3: Amount | F3: Payment Method | G3: Tax Deductible | H3: Receipt #
D45: Monthly Total: | E45: =SUM(E4:E43)
D46: Tax Deductible Total: | E46: =SUMIF(G4:G43,"Y",E4:E43)
D48: Category Breakdown:
D49: Supplies | E49: =SUMIF(C4:C43,"Supplies",E4:E43)
D50: Marketing | E50: =SUMIF(C4:C43,"Marketing",E4:E43)
D51: Software | E51: =SUMIF(C4:C43,"Software",E4:E43)
D52: Travel | E52: =SUMIF(C4:C43,"Travel",E4:E43)
D53: Meals | E53: =SUMIF(C4:C43,"Meals",E4:E43)
D54: Office | E54: =SUMIF(C4:C43,"Office",E4:E43)
D55: Professional Services | E55: =SUMIF(C4:C43,"Professional Services",E4:E43)
D56: Insurance | E56: =SUMIF(C4:C43,"Insurance",E4:E43)
D57: Utilities | E57: =SUMIF(C4:C43,"Utilities",E4:E43)
D58: Other | E58: =SUMIF(C4:C43,"Other",E4:E43)

Sheet April
A1: Expense Tracker - April 2026
A3: Date | B3: Vendor | C3: Category | D3: Description | E3: Amount | F3: Payment Method | G3: Tax Deductible | H3: Receipt #
D45: Monthly Total: | E45: =SUM(E4:E43)
D46: Tax Deductible Total: | E46: =SUMIF(G4:G43,"Y",E4:E43)
D48: Category Breakdown:
D49: Supplies | E49: =SUMIF(C4:C43,"Supplies",E4:E43)
D50: Marketing | E50: =SUMIF(C4:C43,"Marketing",E4:E43)
D51: Software | E51: =SUMIF(C4:C43,"Software",E4:E43)
D52: Travel | E52: =SUMIF(C4:C43,"Travel",E4:E43)
D53: Meals | E53: =SUMIF(C4:C43,"Meals",E4:E43)
D54: Office | E54: =SUMIF(C4:C43,"Office",E4:E43)
D55: Professional Services | E55: =SUMIF(C4:C43,"Professional Services",E4:E43)
D56: Insurance | E56: =SUMIF(C4:C43,"Insurance",E4:E43)
D57: Utilities | E57: =SUMIF(C4:C43,"Utilities",E4:E43)
D58: Other | E58: =SUMIF(C4:C43,"Other",E4:E43)

Sheet May
A1: Expense Tracker - May 2026
A3: Date | B3: Vendor | C3: Category | D3: Description | E3: Amount | F3: Payment Method | G3: Tax Deductible | H3: Receipt #
D45: Monthly Total: | E45: =SUM(E4:E43)
D46: Tax Deductible Total: | E46: =SUMIF(G4:G43,"Y",E4:E43)
D48: Category Breakdown:
D49: Supplies | E49: =SUMIF(C4:C43,"Supplies",E4:E43)
D50: Marketing | E50: =SUMIF(C4:C43,"Marketing",E4:E43)
D51: Software | E51: =SUMIF(C4:C43,"Software",E4:E43)
D52: Travel | E52: =SUMIF(C4:C43,"Travel",E4:E43)
D53: Meals | E53: =SUMIF(C4:C43,"Meals",E4:E43)
D54: Office | E54: =SUMIF(C4:C43,"Office",E4:E43)
D55: Professional Services | E55: =SUMIF(C4:C43,"Professional Services",E4:E43)
D56: Insurance | E56: =SUMIF(C4:C43,"Insurance",E4:E43)
D57: Utilities | E57: =SUMIF(C4:C43,"Utilities",E4:E43)
D58: Other | E58: =SUMIF(C4:C43,"Other",E4:E43)

Sheet June
A1: Expense Tracker - June 2026
A3: Date | B3: Vendor | C3: Category | D3: Description | E3: Amount | F3: Payment Method | G3: Tax Deductible | H3: Receipt #
D45: Monthly Total: | E45: =SUM(E4:E43)
D46: Tax Deductible Total: | E46: =SUMIF(G4:G43,"Y",E4:E43)
D48: Category Breakdown:
D49: Supplies | E49: =SUMIF(C4:C43,"Supplies",E4:E43)
D50: Marketing | E50: =SUMIF(C4:C43,"Marketing",E4:E43)
D51: Software | E51: =SUMIF(C4:C43,"Software",E4:E43)
D52: Travel | E52: =SUMIF(C4:C43,"Travel",E4:E43)
D53: Meals | E53: =SUMIF(C4:C43,"Meals",E4:E43)
D54: Office | E54: =SUMIF(C4:C43,"Office",E4:E43)
D55: Professional Services | E55: =SUMIF(C4:C43,"Professional Services",E4:E43)
D56: Insurance | E56: =SUMIF(C4:C43,"Insurance",E4:E43)
D57: Utilities | E57: =SUMIF(C4:C43,"Utilities",E4:E43)
D58: Other | E58: =SUMIF(C4:C43,"Other",E4:E43)

Sheet July
A1: Expense Tracker - July 2026
A3: Date | B3: Vendor | C3: Category | D3: Description | E3: Amount | F3: Payment Method | G3: Tax Deductible | H3: Receipt #
D45: Monthly Total: | E45: =SUM(E4:E43)
D46: Tax Deductible Total: | E46: =SUMIF(G4:G43,"Y",E4:E43)
D48: Category Breakdown:
D49: Supplies | E49: =SUMIF(C4:C43,"Supplies",E4:E43)
D50: Marketing | E50: =SUMIF(C4:C43,"Marketing",E4:E43)
D51: Software | E51: =SUMIF(C4:C43,"Software",E4:E43)
D52: Travel | E52: =SUMIF(C4:C43,"Travel",E4:E43)
D53: Meals | E53: =SUMIF(C4:C43,"Meals",E4:E43)
D54: Office | E54: =SUMIF(C4:C43,"Office",E4:E43)
D55: Professional Services | E55: =SUMIF(C4:C43,"Professional Services",E4:E43)
D56: Insurance | E56: =SUMIF(C4:C43,"Insurance",E4:E43)
D57: Utilities | E57: =SUMIF(C4:C43,"Utilities",E4:E43)
D58: Other | E58: =SUMIF(C4:C43,"Other",E4:E43)

Sheet August
A1: Expense Tracker - August 2026
A3: Date | B3: Vendor | C3: Category | D3: Description | E3: Amount | F3: Payment Method | G3: Tax Deductible | H3: Receipt #
D45: Monthly Total: | E45: =SUM(E4:E43)
D46: Tax Deductible Total: | E46: =SUMIF(G4:G43,"Y",E4:E43)
D48: Category Breakdown:
D49: Supplies | E49: =SUMIF(C4:C43,"Supplies",E4:E43)
D50: Marketing | E50: =SUMIF(C4:C43,"Marketing",E4:E43)
D51: Software | E51: =SUMIF(C4:C43,"Software",E4:E43)
D52: Travel | E52: =SUMIF(C4:C43,"Travel",E4:E43)
D53: Meals | E53: =SUMIF(C4:C43,"Meals",E4:E43)
D54: Office | E54: =SUMIF(C4:C43,"Office",E4:E43)
D55: Professional Services | E55: =SUMIF(C4:C43,"Professional Services",E4:E43)
D56: Insurance | E56: =SUMIF(C4:C43,"Insurance",E4:E43)
D57: Utilities | E57: =SUMIF(C4:C43,"Utilities",E4:E43)
D58: Other | E58: =SUMIF(C4:C43,"Other",E4:E43)

Sheet September
A1: Expense Tracker - September 2026
A3: Date | B3: Vendor | C3: Category | D3: Description | E3: Amount | F3: Payment Method | G3: Tax Deductible | H3: Receipt #
D45: Monthly Total: | E45: =SUM(E4:E43)
D46: Tax Deductible Total: | E46: =SUMIF(G4:G43,"Y",E4:E43)
D48: Category Breakdown:
D49: Supplies | E49: =SUMIF(C4:C43,"Supplies",E4:E43)
D50: Marketing | E50: =SUMIF(C4:C43,"Marketing",E4:E43)
D51: Software | E51: =SUMIF(C4:C43,"Software",E4:E43)
D52: Travel | E52: =SUMIF(C4:C43,"Travel",E4:E43)
D53: Meals | E53: =SUMIF(C4:C43,"Meals",E4:E43)
D54: Office | E54: =SUMIF(C4:C43,"Office",E4:E43)
D55: Professional Services | E55: =SUMIF(C4:C43,"Professional Services",E4:E43)
D56: Insurance | E56: =SUMIF(C4:C43,"Insurance",E4:E43)
D57: Utilities | E57: =SUMIF(C4:C43,"Utilities",E4:E43)
D58: Other | E58: =SUMIF(C4:C43,"Other",E4:E43)

Sheet October
A1: Expense Tracker - October 2026
A3: Date | B3: Vendor | C3: Category | D3: Description | E3: Amount | F3: Payment Method | G3: Tax Deductible | H3: Receipt #
D45: Monthly Total: | E45: =SUM(E4:E43)
D46: Tax Deductible Total: | E46: =SUMIF(G4:G43,"Y",E4:E43)
D48: Category Breakdown:
D49: Supplies | E49: =SUMIF(C4:C43,"Supplies",E4:E43)
D50: Marketing | E50: =SUMIF(C4:C43,"Marketing",E4:E43)
D51: Software | E51: =SUMIF(C4:C43,"Software",E4:E43)
D52: Travel | E52: =SUMIF(C4:C43,"Travel",E4:E43)
D53: Meals | E53: =SUMIF(C4:C43,"Meals",E4:E43)
D54: Office | E54: =SUMIF(C4:C43,"Office",E4:E43)
D55: Professional Services | E55: =SUMIF(C4:C43,"Professional Services",E4:E43)
D56: Insurance | E56: =SUMIF(C4:C43,"Insurance",E4:E43)
D57: Utilities | E57: =SUMIF(C4:C43,"Utilities",E4:E43)
D58: Other | E58: =SUMIF(C4:C43,"Other",E4:E43)

Sheet November
A1: Expense Tracker - November 2026
A3: Date | B3: Vendor | C3: Category | D3: Description | E3: Amount | F3: Payment Method | G3: Tax Deductible | H3: Receipt #
D45: Monthly Total: | E45: =SUM(E4:E43)
D46: Tax Deductible Total: | E46: =SUMIF(G4:G43,"Y",E4:E43)
D48: Category Breakdown:
D49: Supplies | E49: =SUMIF(C4:C43,"Supplies",E4:E43)
D50: Marketing | E50: =SUMIF(C4:C43,"Marketing",E4:E43)
D51: Software | E51: =SUMIF(C4:C43,"Software",E4:E43)
D52: Travel | E52: =SUMIF(C4:C43,"Travel",E4:E43)
D53: Meals | E53: =SUMIF(C4:C43,"Meals",E4:E43)
D54: Office | E54: =SUMIF(C4:C43,"Office",E4:E43)
D55: Professional Services | E55: =SUMIF(C4:C43,"Professional Services",E4:E43)
D56: Insurance | E56: =SUMIF(C4:C43,"Insurance",E4:E43)
D57: Utilities | E57: =SUMIF(C4:C43,"Utilities",E4:E43)
D58: Other | E58: =SUMIF(C4:C43,"Other",E4:E43)

Sheet December
A1: Expense Tracker - December 2026
A3: Date | B3: Vendor | C3: Category | D3: Description | E3: Amount | F3: Payment Method | G3: Tax Deductible | H3: Receipt #
D45: Monthly Total: | E45: =SUM(E4:E43)
D46: Tax Deductible Total: | E46: =SUMIF(G4:G43,"Y",E4:E43)
D48: Category Breakdown:
D49: Supplies | E49: =SUMIF(C4:C43,"Supplies",E4:E43)
D50: Marketing | E50: =SUMIF(C4:C43,"Marketing",E4:E43)
D51: Software | E51: =SUMIF(C4:C43,"Software",E4:E43)
D52: Travel | E52: =SUMIF(C4:C43,"Travel",E4:E43)
D53: Meals | E53: =SUMIF(C4:C43,"Meals",E4:E43)
D54: Office | E54: =SUMIF(C4:C43,"Office",E4:E43)
D55: Professional Services | E55: =SUMIF(C4:C43,"Professional Services",E4:E43)
D56: Insurance | E56: =SUMIF(C4:C43,"Insurance",E4:E43)
D57: Utilities | E57: =SUMIF(C4:C43,"Utilities",E4:E43)
D58: Other | E58: =SUMIF(C4:C43,"Other",E4:E43)
