Workbook

Sheet Instructions
A1: How to Use: Invoice Tracker 2026
A3: Getting Started
A5: 1. Track all invoices sent to clients in one organized spreadsheet.
A6: 2. Enter invoice details: number, date, client, description, amount, due date, status, and payment date.
A7: 3. Days Overdue auto-calculates for unpaid invoices past their due date.
A8: 4. Use the Status dropdown: Paid, Pending, Overdue, Cancelled.
A9: 5. The Summary tab shows aging reports (30/60/90 day brackets).
A10: 6. Filter by status to quickly see outstanding invoices.
A11: 7. Update payment dates when invoices are settled.
A13: Tips & Notes
A14: - Use the dropdown menus for consistent data entry.
A15: - Do not delete or move formula cells - they auto-calculate totals.
... A18: - Customize categories and columns to fit your specific business needs.

Sheet Invoice Tracker
A1: Invoice Tracker - 2026
A3: Invoice # | B3: Date | C3: Client | D3: Description | E3: Amount | F3: Due Date | G3: Status | H3: Days Overdue | I3: Payment Date
H4: =IF(AND(G4="Overdue",F4<>""),MAX(0,TODAY()-F4),IF(AND(G4="Pending",F4<>""),MAX(0,TODAY()-F4),0))
H5: =IF(AND(G5="Overdue",F5<>""),MAX(0,TODAY()-F5),IF(AND(G5="Pending",F5<>""),MAX(0,TODAY()-F5),0))
H6: =IF(AND(G6="Overdue",F6<>""),MAX(0,TODAY()-F6),IF(AND(G6="Pending",F6<>""),MAX(0,TODAY()-F6),0))
H7: =IF(AND(G7="Overdue",F7<>""),MAX(0,TODAY()-F7),IF(AND(G7="Pending",F7<>""),MAX(0,TODAY()-F7),0))
H8: =IF(AND(G8="Overdue",F8<>""),MAX(0,TODAY()-F8),IF(AND(G8="Pending",F8<>""),MAX(0,TODAY()-F8),0))
H9: =IF(AND(G9="Overdue",F9<>""),MAX(0,TODAY()-F9),IF(AND(G9="Pending",F9<>""),MAX(0,TODAY()-F9),0))
H10: =IF(AND(G10="Overdue",F10<>""),MAX(0,TODAY()-F10),IF(AND(G10="Pending",F10<>""),MAX(0,TODAY()-F10),0))
H11: =IF(AND(G11="Overdue",F11<>""),MAX(0,TODAY()-F11),IF(AND(G11="Pending",F11<>""),MAX(0,TODAY()-F11),0))
H12: =IF(AND(G12="Overdue",F12<>""),MAX(0,TODAY()-F12),IF(AND(G12="Pending",F12<>""),MAX(0,TODAY()-F12),0))
H13: =IF(AND(G13="Overdue",F13<>""),MAX(0,TODAY()-F13),IF(AND(G13="Pending",F13<>""),MAX(0,TODAY()-F13),0))
H14: =IF(AND(G14="Overdue",F14<>""),MAX(0,TODAY()-F14),IF(AND(G14="Pending",F14<>""),MAX(0,TODAY()-F14),0))
H15: =IF(AND(G15="Overdue",F15<>""),MAX(0,TODAY()-F15),IF(AND(G15="Pending",F15<>""),MAX(0,TODAY()-F15),0))
... H103: =IF(AND(G103="Overdue",F103<>""),MAX(0,TODAY()-F103),IF(AND(G103="Pending",F103<>""),MAX(0,TODAY()-F103),0))

Sheet Summary
A1: Invoice Summary & Aging Report
A3: Overview
A4: Total Invoiced | B4: =SUM('Invoice Tracker'!E4:E103)
A5: Total Paid | B5: =SUMIF('Invoice Tracker'!G4:G103,"Paid",'Invoice Tracker'!E4:E103)
A6: Total Pending | B6: =SUMIF('Invoice Tracker'!G4:G103,"Pending",'Invoice Tracker'!E4:E103)
A7: Total Overdue | B7: =SUMIF('Invoice Tracker'!G4:G103,"Overdue",'Invoice Tracker'!E4:E103)
A8: Total Cancelled | B8: =SUMIF('Invoice Tracker'!G4:G103,"Cancelled",'Invoice Tracker'!E4:E103)
A11: Aging Report
A12: Category | B12: Amount | C12: Count
A13: Current (0-30 days) | B13: =SUMPRODUCT(('Invoice Tracker'!H4:H103>=0)*('Invoice Tracker'!H4:H103<=30)*('Invoice Tracker'!G4:G103<>"Paid")*('Invoice Tracker'!G4:G103<>"")*('Invoice Tracker'!E4:E103)) | C13: =SUMPRODUCT(('Invoice Tracker'!H4:H103>=0)*('Invoice Tracker'!H4:H103<=30)*('Invoice Tracker'!G4:G103<>"Paid")*('Invoice Tracker'!G4:G103<>""))
A14: 31-60 days | B14: =SUMPRODUCT(('Invoice Tracker'!H4:H103>30)*('Invoice Tracker'!H4:H103<=60)*('Invoice Tracker'!G4:G103<>"Paid")*('Invoice Tracker'!G4:G103<>"")*('Invoice Tracker'!E4:E103)) | C14: =SUMPRODUCT(('Invoice Tracker'!H4:H103>30)*('Invoice Tracker'!H4:H103<=60)*('Invoice Tracker'!G4:G103<>"Paid")*('Invoice Tracker'!G4:G103<>""))
A15: 61-90 days | B15: =SUMPRODUCT(('Invoice Tracker'!H4:H103>60)*('Invoice Tracker'!H4:H103<=90)*('Invoice Tracker'!G4:G103<>"Paid")*('Invoice Tracker'!G4:G103<>"")*('Invoice Tracker'!E4:E103)) | C15: =SUMPRODUCT(('Invoice Tracker'!H4:H103>60)*('Invoice Tracker'!H4:H103<=90)*('Invoice Tracker'!G4:G103<>"Paid")*('Invoice Tracker'!G4:G103<>""))
A16: Over 90 days | B16: =SUMPRODUCT(('Invoice Tracker'!H4:H103>90)*('Invoice Tracker'!G4:G103<>"Paid")*('Invoice Tracker'!G4:G103<>"")*('Invoice Tracker'!E4:E103)) | C16: =SUMPRODUCT(('Invoice Tracker'!H4:H103>90)*('Invoice Tracker'!G4:G103<>"Paid")*('Invoice Tracker'!G4:G103<>""))
