Workbook

Sheet Instructions
A1: How to Use: Tax Deduction Tracker 2026
A3: Getting Started
A5: 1. Track all tax-deductible business expenses throughout the year.
A6: 2. Enter the date, category (use dropdown), description, amount, and whether you have a receipt.
A7: 3. Categories include: Home Office, Vehicle, Supplies, Travel, Meals, Marketing, Professional Development, Insurance, Software/Subscriptions.
A8: 4. Quarterly subtotals and annual totals auto-calculate.
A9: 5. The estimated tax savings row helps you plan (adjust the tax rate on the Summary tab).
A10: 6. Always keep receipts for deductions over $75 (IRS requirement).
A11: 7. Review quarterly to ensure you are capturing all eligible deductions.
A13: Tips & Notes
A14: - Use the dropdown menus for consistent data entry.
A15: - Do not delete or move formula cells - they auto-calculate totals.
... A18: - Customize categories and columns to fit your specific business needs.

Sheet Annual Summary
A1: Annual Tax Deduction Summary - 2026
A3: Quarter | B3: Total Deductions | C3: Entries
A4: Q1 (Jan-Mar) | B4: ='Q1 (Jan-Mar)'!D65 | C4: =COUNTA('Q1 (Jan-Mar)'!A4:A63)
A5: Q2 (Apr-Jun) | B5: ='Q2 (Apr-Jun)'!D65 | C5: =COUNTA('Q2 (Apr-Jun)'!A4:A63)
A6: Q3 (Jul-Sep) | B6: ='Q3 (Jul-Sep)'!D65 | C6: =COUNTA('Q3 (Jul-Sep)'!A4:A63)
A7: Q4 (Oct-Dec) | B7: ='Q4 (Oct-Dec)'!D65 | C7: =COUNTA('Q4 (Oct-Dec)'!A4:A63)
A9: ANNUAL TOTAL | B9: =SUM(B4:B7) | C9: =SUM(C4:C7)
A11: Estimated Tax Rate: | B11: 0.25
A12: Estimated Tax Savings: | B12: =B9*B11
A14: Category Breakdown (Annual)
A15: Category | B15: Total
A16: Home Office | B16: ='Q1 (Jan-Mar)'!D70+'Q2 (Apr-Jun)'!D70+'Q3 (Jul-Sep)'!D70+'Q4 (Oct-Dec)'!D70
A17: Vehicle | B17: ='Q1 (Jan-Mar)'!D71+'Q2 (Apr-Jun)'!D71+'Q3 (Jul-Sep)'!D71+'Q4 (Oct-Dec)'!D71
A18: Supplies | B18: ='Q1 (Jan-Mar)'!D72+'Q2 (Apr-Jun)'!D72+'Q3 (Jul-Sep)'!D72+'Q4 (Oct-Dec)'!D72
A19: Travel | B19: ='Q1 (Jan-Mar)'!D73+'Q2 (Apr-Jun)'!D73+'Q3 (Jul-Sep)'!D73+'Q4 (Oct-Dec)'!D73
A20: Meals (50%) | B20: ='Q1 (Jan-Mar)'!D74+'Q2 (Apr-Jun)'!D74+'Q3 (Jul-Sep)'!D74+'Q4 (Oct-Dec)'!D74
A21: Marketing | B21: ='Q1 (Jan-Mar)'!D75+'Q2 (Apr-Jun)'!D75+'Q3 (Jul-Sep)'!D75+'Q4 (Oct-Dec)'!D75
A22: Professional Development | B22: ='Q1 (Jan-Mar)'!D76+'Q2 (Apr-Jun)'!D76+'Q3 (Jul-Sep)'!D76+'Q4 (Oct-Dec)'!D76
A23: Insurance | B23: ='Q1 (Jan-Mar)'!D77+'Q2 (Apr-Jun)'!D77+'Q3 (Jul-Sep)'!D77+'Q4 (Oct-Dec)'!D77
A24: Software/Subscriptions | B24: ='Q1 (Jan-Mar)'!D78+'Q2 (Apr-Jun)'!D78+'Q3 (Jul-Sep)'!D78+'Q4 (Oct-Dec)'!D78
A25: Bank/Payment Fees | B25: ='Q1 (Jan-Mar)'!D79+'Q2 (Apr-Jun)'!D79+'Q3 (Jul-Sep)'!D79+'Q4 (Oct-Dec)'!D79
A26: Other | B26: ='Q1 (Jan-Mar)'!D80+'Q2 (Apr-Jun)'!D80+'Q3 (Jul-Sep)'!D80+'Q4 (Oct-Dec)'!D80

Sheet Q1 (Jan-Mar)
A1: Tax Deductions - Q1 (Jan-Mar) 2026
A3: Date | B3: Category | C3: Description | D3: Amount | E3: Receipt (Y/N) | F3: Notes
C65: Quarterly Total: | D65: =SUM(D4:D63)
C66: Entries with Receipts: | D66: =COUNTIF(E4:E63,"Y")
C67: Entries Missing Receipts: | D67: =COUNTIF(E4:E63,"N")
C69: Category Breakdown:
C70: Home Office | D70: =SUMIF(B4:B63,"Home Office",D4:D63)
C71: Vehicle | D71: =SUMIF(B4:B63,"Vehicle",D4:D63)
C72: Supplies | D72: =SUMIF(B4:B63,"Supplies",D4:D63)
C73: Travel | D73: =SUMIF(B4:B63,"Travel",D4:D63)
C74: Meals (50%) | D74: =SUMIF(B4:B63,"Meals (50%)",D4:D63)
C75: Marketing | D75: =SUMIF(B4:B63,"Marketing",D4:D63)
C76: Professional Development | D76: =SUMIF(B4:B63,"Professional Development",D4:D63)
C77: Insurance | D77: =SUMIF(B4:B63,"Insurance",D4:D63)
C78: Software/Subscriptions | D78: =SUMIF(B4:B63,"Software/Subscriptions",D4:D63)
C79: Bank/Payment Fees | D79: =SUMIF(B4:B63,"Bank/Payment Fees",D4:D63)
C80: Other | D80: =SUMIF(B4:B63,"Other",D4:D63)

Sheet Q2 (Apr-Jun)
A1: Tax Deductions - Q2 (Apr-Jun) 2026
A3: Date | B3: Category | C3: Description | D3: Amount | E3: Receipt (Y/N) | F3: Notes
C65: Quarterly Total: | D65: =SUM(D4:D63)
C66: Entries with Receipts: | D66: =COUNTIF(E4:E63,"Y")
C67: Entries Missing Receipts: | D67: =COUNTIF(E4:E63,"N")
C69: Category Breakdown:
C70: Home Office | D70: =SUMIF(B4:B63,"Home Office",D4:D63)
C71: Vehicle | D71: =SUMIF(B4:B63,"Vehicle",D4:D63)
C72: Supplies | D72: =SUMIF(B4:B63,"Supplies",D4:D63)
C73: Travel | D73: =SUMIF(B4:B63,"Travel",D4:D63)
C74: Meals (50%) | D74: =SUMIF(B4:B63,"Meals (50%)",D4:D63)
C75: Marketing | D75: =SUMIF(B4:B63,"Marketing",D4:D63)
C76: Professional Development | D76: =SUMIF(B4:B63,"Professional Development",D4:D63)
C77: Insurance | D77: =SUMIF(B4:B63,"Insurance",D4:D63)
C78: Software/Subscriptions | D78: =SUMIF(B4:B63,"Software/Subscriptions",D4:D63)
C79: Bank/Payment Fees | D79: =SUMIF(B4:B63,"Bank/Payment Fees",D4:D63)
C80: Other | D80: =SUMIF(B4:B63,"Other",D4:D63)

Sheet Q3 (Jul-Sep)
A1: Tax Deductions - Q3 (Jul-Sep) 2026
A3: Date | B3: Category | C3: Description | D3: Amount | E3: Receipt (Y/N) | F3: Notes
C65: Quarterly Total: | D65: =SUM(D4:D63)
C66: Entries with Receipts: | D66: =COUNTIF(E4:E63,"Y")
C67: Entries Missing Receipts: | D67: =COUNTIF(E4:E63,"N")
C69: Category Breakdown:
C70: Home Office | D70: =SUMIF(B4:B63,"Home Office",D4:D63)
C71: Vehicle | D71: =SUMIF(B4:B63,"Vehicle",D4:D63)
C72: Supplies | D72: =SUMIF(B4:B63,"Supplies",D4:D63)
C73: Travel | D73: =SUMIF(B4:B63,"Travel",D4:D63)
C74: Meals (50%) | D74: =SUMIF(B4:B63,"Meals (50%)",D4:D63)
C75: Marketing | D75: =SUMIF(B4:B63,"Marketing",D4:D63)
C76: Professional Development | D76: =SUMIF(B4:B63,"Professional Development",D4:D63)
C77: Insurance | D77: =SUMIF(B4:B63,"Insurance",D4:D63)
C78: Software/Subscriptions | D78: =SUMIF(B4:B63,"Software/Subscriptions",D4:D63)
C79: Bank/Payment Fees | D79: =SUMIF(B4:B63,"Bank/Payment Fees",D4:D63)
C80: Other | D80: =SUMIF(B4:B63,"Other",D4:D63)

Sheet Q4 (Oct-Dec)
A1: Tax Deductions - Q4 (Oct-Dec) 2026
A3: Date | B3: Category | C3: Description | D3: Amount | E3: Receipt (Y/N) | F3: Notes
C65: Quarterly Total: | D65: =SUM(D4:D63)
C66: Entries with Receipts: | D66: =COUNTIF(E4:E63,"Y")
C67: Entries Missing Receipts: | D67: =COUNTIF(E4:E63,"N")
C69: Category Breakdown:
C70: Home Office | D70: =SUMIF(B4:B63,"Home Office",D4:D63)
C71: Vehicle | D71: =SUMIF(B4:B63,"Vehicle",D4:D63)
C72: Supplies | D72: =SUMIF(B4:B63,"Supplies",D4:D63)
C73: Travel | D73: =SUMIF(B4:B63,"Travel",D4:D63)
C74: Meals (50%) | D74: =SUMIF(B4:B63,"Meals (50%)",D4:D63)
C75: Marketing | D75: =SUMIF(B4:B63,"Marketing",D4:D63)
C76: Professional Development | D76: =SUMIF(B4:B63,"Professional Development",D4:D63)
C77: Insurance | D77: =SUMIF(B4:B63,"Insurance",D4:D63)
C78: Software/Subscriptions | D78: =SUMIF(B4:B63,"Software/Subscriptions",D4:D63)
C79: Bank/Payment Fees | D79: =SUMIF(B4:B63,"Bank/Payment Fees",D4:D63)
C80: Other | D80: =SUMIF(B4:B63,"Other",D4:D63)
