Workbook

Sheet 📊 Dashboard
A1: SOCIAL MEDIA ANALYTICS TRACKER
A2: Track every platform. Find what actually grows your audience.
B4: TOTAL POSTS (MTD) | E4: AVG ENGAGEMENT RATE | H4: BEST PLATFORM
B5: =COUNTIFS('📅 Content Calendar'!C2:C1001,">="&DATE(YEAR(TODAY()),MONTH(TODAY()),1),'📅 Content Calendar'!D2:D1001,"Posted") | E5: =IFERROR(AVERAGEIF('📈 Analytics Log'!I2:I1001,">0",'📈 Analytics Log'!I2:I1001),0) | H5: ="See Analytics tab"
B8: TOTAL FOLLOWERS | E8: FOLLOWER GROWTH MTD | H8: POSTS SCHEDULED
B9: =SUM('📊 Follower Growth'!C2:C8) | E9: =SUM('📊 Follower Growth'!D2:D8) | H9: =COUNTIF('📅 Content Calendar'!D2:D1001,"Scheduled")

Sheet 📅 Content Calendar
A1: CONTENT CALENDAR
A2: # | B2: Date | C2: Platform | D2: Status | E2: Content Type | F2: Caption / Hook | G2: Hashtags | H2: Visual Description | I2: CTA | J2: Link | K2: Notes
A3: 1 | C3: Instagram | D3: Idea | E3: Reel
A4: 2 | C4: Instagram | D4: Idea | E4: Reel
A5: 3 | C5: Instagram | D5: Idea | E5: Reel
A6: 4 | C6: Instagram | D6: Idea | E6: Reel
A7: 5 | C7: Instagram | D7: Idea | E7: Reel
A8: 6 | C8: Instagram | D8: Idea | E8: Reel
A9: 7 | C9: Instagram | D9: Idea | E9: Reel
A10: 8 | C10: Instagram | D10: Idea | E10: Reel
A11: 9 | C11: Instagram | D11: Idea | E11: Reel
A12: 10 | C12: Instagram | D12: Idea | E12: Reel
A13: 11 | C13: Instagram | D13: Idea | E13: Reel
A14: 12 | C14: Instagram | D14: Idea | E14: Reel
... A1002: 1000 | C1002: Instagram | D1002: Idea | E1002: Reel

Sheet 📈 Analytics Log
A1: POST ANALYTICS LOG
A2: Date Posted | B2: Platform | C2: Content Type | D2: Caption Preview | E2: Likes | F2: Comments | G2: Shares/Saves | H2: Reach | I2: Engagement Rate % | J2: Link Clicks | K2: Notes
I3: =IF(OR(H3=0,H3=""),"", (E3+F3+G3)/H3)
I4: =IF(OR(H4=0,H4=""),"", (E4+F4+G4)/H4)
I5: =IF(OR(H5=0,H5=""),"", (E5+F5+G5)/H5)
I6: =IF(OR(H6=0,H6=""),"", (E6+F6+G6)/H6)
I7: =IF(OR(H7=0,H7=""),"", (E7+F7+G7)/H7)
I8: =IF(OR(H8=0,H8=""),"", (E8+F8+G8)/H8)
I9: =IF(OR(H9=0,H9=""),"", (E9+F9+G9)/H9)
I10: =IF(OR(H10=0,H10=""),"", (E10+F10+G10)/H10)
I11: =IF(OR(H11=0,H11=""),"", (E11+F11+G11)/H11)
I12: =IF(OR(H12=0,H12=""),"", (E12+F12+G12)/H12)
I13: =IF(OR(H13=0,H13=""),"", (E13+F13+G13)/H13)
I14: =IF(OR(H14=0,H14=""),"", (E14+F14+G14)/H14)
... I1002: =IF(OR(H1002=0,H1002=""),"", (E1002+F1002+G1002)/H1002)
A1005: PLATFORM AVERAGES (auto-calculated below)
A1006: Platform | B1006: Avg Likes | C1006: Avg Comments | D1006: Avg Shares | E1006: Avg Reach | F1006: Avg Engagement % | G1006: Total Posts
A1007: Instagram | B1007: =IFERROR(AVERAGEIF(B3:B1002,"Instagram",E3:E1002),0) | C1007: =IFERROR(AVERAGEIF(B3:B1002,"Instagram",F3:F1002),0) | D1007: =IFERROR(AVERAGEIF(B3:B1002,"Instagram",G3:G1002),0) | E1007: =IFERROR(AVERAGEIF(B3:B1002,"Instagram",H3:H1002),0) | F1007: =IFERROR(AVERAGEIF(B3:B1002,"Instagram",I3:I1002),0) | G1007: =COUNTIF(B3:B1002,"Instagram")
A1008: TikTok | B1008: =IFERROR(AVERAGEIF(B3:B1002,"TikTok",E3:E1002),0) | C1008: =IFERROR(AVERAGEIF(B3:B1002,"TikTok",F3:F1002),0) | D1008: =IFERROR(AVERAGEIF(B3:B1002,"TikTok",G3:G1002),0) | E1008: =IFERROR(AVERAGEIF(B3:B1002,"TikTok",H3:H1002),0) | F1008: =IFERROR(AVERAGEIF(B3:B1002,"TikTok",I3:I1002),0) | G1008: =COUNTIF(B3:B1002,"TikTok")
A1009: Pinterest | B1009: =IFERROR(AVERAGEIF(B3:B1002,"Pinterest",E3:E1002),0) | C1009: =IFERROR(AVERAGEIF(B3:B1002,"Pinterest",F3:F1002),0) | D1009: =IFERROR(AVERAGEIF(B3:B1002,"Pinterest",G3:G1002),0) | E1009: =IFERROR(AVERAGEIF(B3:B1002,"Pinterest",H3:H1002),0) | F1009: =IFERROR(AVERAGEIF(B3:B1002,"Pinterest",I3:I1002),0) | G1009: =COUNTIF(B3:B1002,"Pinterest")
A1010: Facebook | B1010: =IFERROR(AVERAGEIF(B3:B1002,"Facebook",E3:E1002),0) | C1010: =IFERROR(AVERAGEIF(B3:B1002,"Facebook",F3:F1002),0) | D1010: =IFERROR(AVERAGEIF(B3:B1002,"Facebook",G3:G1002),0) | E1010: =IFERROR(AVERAGEIF(B3:B1002,"Facebook",H3:H1002),0) | F1010: =IFERROR(AVERAGEIF(B3:B1002,"Facebook",I3:I1002),0) | G1010: =COUNTIF(B3:B1002,"Facebook")
A1011: Twitter/X | B1011: =IFERROR(AVERAGEIF(B3:B1002,"Twitter/X",E3:E1002),0) | C1011: =IFERROR(AVERAGEIF(B3:B1002,"Twitter/X",F3:F1002),0) | D1011: =IFERROR(AVERAGEIF(B3:B1002,"Twitter/X",G3:G1002),0) | E1011: =IFERROR(AVERAGEIF(B3:B1002,"Twitter/X",H3:H1002),0) | F1011: =IFERROR(AVERAGEIF(B3:B1002,"Twitter/X",I3:I1002),0) | G1011: =COUNTIF(B3:B1002,"Twitter/X")
A1012: YouTube | B1012: =IFERROR(AVERAGEIF(B3:B1002,"YouTube",E3:E1002),0) | C1012: =IFERROR(AVERAGEIF(B3:B1002,"YouTube",F3:F1002),0) | D1012: =IFERROR(AVERAGEIF(B3:B1002,"YouTube",G3:G1002),0) | E1012: =IFERROR(AVERAGEIF(B3:B1002,"YouTube",H3:H1002),0) | F1012: =IFERROR(AVERAGEIF(B3:B1002,"YouTube",I3:I1002),0) | G1012: =COUNTIF(B3:B1002,"YouTube")
A1013: LinkedIn | B1013: =IFERROR(AVERAGEIF(B3:B1002,"LinkedIn",E3:E1002),0) | C1013: =IFERROR(AVERAGEIF(B3:B1002,"LinkedIn",F3:F1002),0) | D1013: =IFERROR(AVERAGEIF(B3:B1002,"LinkedIn",G3:G1002),0) | E1013: =IFERROR(AVERAGEIF(B3:B1002,"LinkedIn",H3:H1002),0) | F1013: =IFERROR(AVERAGEIF(B3:B1002,"LinkedIn",I3:I1002),0) | G1013: =COUNTIF(B3:B1002,"LinkedIn")

Sheet 📊 Follower Growth
A1: FOLLOWER GROWTH TRACKER
A2: Platform | B2: Current Followers | C2: This Month +/- | D2: Goal | E2: % to Goal | F2: Notes
A3: Instagram | E3: =IF(D3=0,"",C3/D3)
A4: TikTok | E4: =IF(D4=0,"",C4/D4)
A5: Pinterest | E5: =IF(D5=0,"",C5/D5)
A6: Facebook | E6: =IF(D6=0,"",C6/D6)
A7: Twitter/X | E7: =IF(D7=0,"",C7/D7)
A8: YouTube | E8: =IF(D8=0,"",C8/D8)
A9: LinkedIn | E9: =IF(D9=0,"",C9/D9)
A12: MONTHLY FOLLOWER LOG — Update at month end
A13: Month | B13: Instagram | C13: TikTok | D13: Pinterest | E13: Facebook | F13: Twitter/X
A14: Jan
A15: Feb
A16: Mar
A17: Apr
A18: May
A19: Jun
A20: Jul
A21: Aug
A22: Sep
A23: Oct
A24: Nov
A25: Dec

Sheet # Hashtag Bank
A1: HASHTAG BANK
A2: Category / Niche | B2: Hashtag | C2: Platform | D2: Est. Size | E2: Performance | F2: Notes
A3: Small Business | B3: #smallbusiness | C3: Instagram | D3: Large | E3: High
A4: Small Business | B4: #shopsmall | C4: Instagram | D4: Medium | E4: High
A5: Small Business | B5: #entrepreneurlife | C5: Instagram | D5: Large | E5: Medium
A6: Etsy Seller | B6: #etsyseller | C6: Instagram | D6: Medium | E6: High
A7: Etsy Seller | B7: #etsyshop | C7: Instagram | D7: Large | E7: High
A8: Etsy Seller | B8: #etsydigitaldownload | C8: Instagram | D8: Small | E8: Very High | F8: Niche, low competition
A9: Digital Products | B9: #digitaldownload | C9: Instagram | D9: Medium | E9: High
A10: Digital Products | B10: #passiveincome | C10: Instagram | D10: Large | E10: Medium
A11: Spreadsheets | B11: #googlesheets | C11: All | D11: Small | E11: Very High | F11: Low competition
A12: Spreadsheets | B12: #exceltips | C12: TikTok | D12: Small | E12: Very High | F12: viral potential
A13: Spreadsheets | B13: #spreadsheettemplate | C13: Instagram | D13: Small | E13: Very High
A14: Finance | B14: #budgetingmom | C14: Instagram | D14: Small | E14: Very High | F14: super niche, loyal
A15: Finance | B15: #debtfreejourney | C15: Instagram | D15: Medium | E15: High
A16: Side Hustle | B16: #sidehustle | C16: Instagram | D16: Large | E16: Medium
A17: Side Hustle | B17: #makemoneyonline | C17: TikTok | D17: Large | E17: Medium | F17: competitive
A18: Content Creator | B18: #contentcreator | C18: Instagram | D18: Large | E18: Low | F18: oversaturated
A19: Content Creator | B19: #creatortips | C19: Instagram | D19: Small | E19: High

Sheet 📖 Setup Guide
A1: SETUP GUIDE
B3: STEP 1 — Set Your Platforms & Goals
B4: Go to '📊 Follower Growth'. Enter your current follower count for each platform. Set a monthly follower goal for each. The % to Goal column tracks your progress automatically.
B7: STEP 2 — Plan Your Content
B8: Go to '📅 Content Calendar'. Add your content ideas. Use the Status dropdown: Idea → In Progress → Scheduled → Posted. Fill in platform, caption/hook, hashtags, and your CTA (call to action).
B11: STEP 3 — Log Analytics After Each Post
B12: Go to '📈 Analytics Log'. After 24-48 hours, log your likes, comments, shares, and reach. The Engagement Rate calculates automatically: (Likes + Comments + Shares) ÷ Reach.
B15: STEP 4 — Find Your Best Platform
B16: Scroll to the bottom of '📈 Analytics Log' to see the Platform Averages table. This shows which platform gives you the best average engagement. Double down on that platform. Don't spread yourself thin.
B19: STEP 5 — Build Your Hashtag Bank
B20: Go to '# Hashtag Bank'. Add hashtags that work in your niche. Rate performance as Very High / High / Medium / Low based on reach they drive. Focus on small-to-medium size hashtags — they're less competitive.
B23: THE 80/20 RULE FOR CONTENT
B24: 80% of your results come from 20% of your content. After 30 days, look at your top 5 posts by engagement rate. What did they have in common? Do MORE of that. Stop guessing.
